{
    "accuracy": 0.5905587668593449,
    "precision": 0.5476190476190477,
    "recall": 0.9489194499017681,
    "auc": 0.5973330708866118
}
